,date,desc,amount,category
0,2022-09-01,APPLE.COM/BILL           866-712-7753 ON ,-79.09,Purchases
1,2022-09-02,LCBO/RAO #0393           LONDON       ON  (APPLE PAY) ,-9.4,Partying
2,2022-09-02,UBER* TRIP               TORONTO      ON ,-18.85,Transportation
3,2022-09-02,LOST LOVE                LONDON       ON  (APPLE PAY) ,-19.55,Partying
4,2022-09-02,LOST LOVE                LONDON       ON  (APPLE PAY) ,-19.55,Partying
5,2022-09-02,LOST LOVE                LONDON       ON  (APPLE PAY) ,-29.33,Partying
6,2022-09-03,STATION PARK CONVENIENCE LONDON       ON  (APPLE PAY) ,-4.19,Purchases
7,2022-09-03,STARBUCKS 04955          LONDON       ON  (APPLE PAY) ,-5.59,Dining Out
8,2022-09-03,Amazon Web Services      www.amazon.caON ,-13.91,Dining Out
9,2022-09-04,UBER* TRIP               TORONTO      ON ,-9.89,Transportation
10,2022-09-04,AMZN Mktp CA*1V00F35G0   WWW.AMAZON.CAON ,-25.98,Dining Out
11,2022-09-05,LONESTAR TEXAS GRILLLO   LONDON       ON  (APPLE PAY) ,-30.26,Dining Out
12,2022-09-06,IVEY BUSINESS SCHOOL     LONDON       ON  (APPLE PAY) ,-11.29,Dining Out
14,2022-09-07,AMZN Mktp CA*1V46M8QW2   WWW.AMAZON.CAON ,-11.29,Dining Out
15,2022-09-07,IVEY BUSINESS SCHOOL     LONDON       ON ,-14.1,Dining Out
16,2022-09-07,FLYING SQUIRREL          LONDON       ON  (APPLE PAY) ,-29.95,Non-Routine
17,2022-09-07,AMZN Mktp CA*1V27C6QO2   WWW.AMAZON.CAON ,-49.66,Dining Out
18,2022-09-08,IVEY STARBUCKS           LONDON       ON  (APPLE PAY) ,-12.77,Dining Out
19,2022-09-08,MARBLE SLAB CREAMERY     LONDON       ON  (APPLE PAY) ,-7.38,Dining Out
20,2022-09-09,FAMOUS PLAYER 7422QPS    LONDON       ON  (APPLE PAY) ,-11.86,Dining Out
21,2022-09-10,TIM HORTONS #0422        LONDON       ON  (APPLE PAY) ,-12.98,Dining Out
22,2022-09-10,UBER CANADA/UBERTRIP     TORONTO      ON ,-13.14,Transportation
23,2022-09-10,UBER CANADA/UBERTRIP     TORONTO      ON ,-13.47,Transportation
24,2022-09-10,DENNYS DRIVE IN          GRAND BEND   ON  (APPLE PAY) ,-18.81,Dining Out
25,2022-09-10,UBER CANADA/UBERTRIP     TORONTO      ON ,-18.83,Transportation
26,2022-09-10,LOBLAWS #27              LONDON       ON  (APPLE PAY) ,-41.85,Groceries
27,2022-09-11,Oculus                   650-5434800  CA ,-39.54,Purchases
28,2022-09-12,IVEY BUSINESS SCHOOL     LONDON       ON  (APPLE PAY) ,-3.1,Dining Out
30,2022-09-13,IVEY BUSINESS SCHOOL     LONDON       ON  (APPLE PAY) ,-3.62,Dining Out
31,2022-09-13,IVEY STARBUCKS           LONDON       ON  (APPLE PAY) ,-8.19,Dining Out
32,2022-09-14,IVEY BUSINESS SCHOOL     LONDON       ON  (APPLE PAY) ,-3.1,Dining Out
33,2022-09-14,IVEY BUSINESS SCHOOL     LONDON       ON  (APPLE PAY) ,-4.14,Dining Out
34,2022-09-15,IVEY BUSINESS SCHOOL     LONDON       ON  (APPLE PAY) ,-3.1,Dining Out
35,2022-09-15,IVEY BUSINESS SCHOOL     LONDON       ON  (APPLE PAY) ,-6.43,Dining Out
36,2022-09-15,IVEY BUSINESS SCHOOL     LONDON       ON  (APPLE PAY) ,-9.03,Dining Out
37,2022-09-15,LOS LOBOS                LONDON       ON  (APPLE PAY) ,-20.78,Dining Out
38,2022-09-16,IVEY BUSINESS SCHOOL     LONDON       ON  (APPLE PAY) ,-5.64,Dining Out
39,2022-09-16,IVEY BUSINESS SCHOOL     LONDON       ON  (APPLE PAY) ,-11.29,Dining Out
40,2022-09-16,UBER CANADA/UBERTRIP     TORONTO      ON ,-14.83,Transportation
41,2022-09-16,UBER* TRIP               TORONTO      ON ,-20.01,Transportation
42,2022-09-16,2022 IVEY CLUBS WEE...   DOWNTOWN TOROON ,-25.75,Non-Routine
43,2022-09-18,VIA RAIL CANADA INC.//   MONTREAL     QC ,-131.08,Non-Routine
44,2022-09-18,APPLE.COM/BILL           866-712-7753 ON ,-237.29,Purchases
45,2022-09-19,IVEY BUSINESS SCHOOL     LONDON       ON  (APPLE PAY) ,-5.64,Dining Out
46,2022-09-19,DOLLARAMA #1075          LONDON       ON  (APPLE PAY) ,-7.18,Dining Out
47,2022-09-19,IVEY BUSINESS SCHOOL     LONDON       ON  (APPLE PAY) ,-8.85,Dining Out
48,2022-09-19,LOBLAWS #27              LONDON       ON  (APPLE PAY) ,-64.84,Groceries
50,2022-09-20,IVEY BUSINESS SCHOOL     LONDON       ON  (APPLE PAY) ,-5.64,Dining Out
51,2022-09-21,VIA RAIL CANADA INC.//   MONTREAL     QC ,-65.54,Non-Routine
52,2022-09-22,PHO LEE RESTAURANT       LONDON       ON  (APPLE PAY) ,-31.17,Dining Out
54,2022-09-23,APPLE.COM/BILL           866-712-7753 ON ,-4.51,Purchases
55,2022-09-23,LOBLAWS #27              LONDON       ON  (APPLE PAY) ,-4.51,Groceries
56,2022-09-23,IVEY BUSINESS SCHOOL     LONDON       ON  (APPLE PAY) ,-4.66,Dining Out
57,2022-09-23,IVEY STARBUCKS           LONDON       ON  (APPLE PAY) ,-5.93,Dining Out
58,2022-09-26,IVEY BUSINESS SCHOOL     LONDON       ON  (APPLE PAY) ,-5.64,Dining Out
59,2022-09-26,IVEY BUSINESS SCHOOL     LONDON       ON  (APPLE PAY) ,-11.29,Dining Out
60,2022-09-27,IVEY BUSINESS SCHOOL     LONDON       ON  (APPLE PAY) ,-5.64,Dining Out
61,2022-09-27,IVEY STARBUCKS           LONDON       ON  (APPLE PAY) ,-7.06,Dining Out
62,2022-09-27,IVEY BUSINESS SCHOOL     LONDON       ON  (APPLE PAY) ,-9.59,Dining Out
63,2022-09-28,EINSTEIN'S               LONDON       ON  (APPLE PAY) ,-6.33,Dining Out
64,2022-09-28,THE SPOKE                LONDON       ON  (APPLE PAY) ,-9.89,Dining Out
65,2022-09-29,TIM HORTONS #0694        LONDON       ON  (APPLE PAY) ,-8.45,Dining Out
66,2022-09-29,SQ *KATSU EXPRESS        London       ON  (APPLE PAY) ,-31.06,Dining Out
67,2022-09-29,RICHMOND STREET WAREHOUSELONDON       ON  (APPLE PAY) ,-40.15,Purchases
68,2022-09-30,UBER CANADA/UBERTRIP     TORONTO      ON ,-21.94,Transportation
69,2022-09-30,BARKING FROG             LONDON       ON  (APPLE PAY) ,-45.94,Dining Out
70,2022-10-01,UBER CANADA/UBERTRIP     TORONTO      ON ,-19.71,Transportation
72,2022-10-02,THE MASONVILLE KEG       LONDON       ON ,-170.68,Dining Out
73,2022-10-02,Amazon Web Services      www.amazon.caON ,-0.89,Dining Out
74,2022-10-03,IVEY BUSINESS SCHOOL     LONDON       ON  (APPLE PAY) ,-8.98,Dining Out
76,2022-10-04,IVEY BUSINESS SCHOOL     LONDON       ON  (APPLE PAY) ,-5.64,Dining Out
77,2022-10-04,IVEY BUSINESS SCHOOL     LONDON       ON  (APPLE PAY) ,-8.17,Dining Out
78,2022-10-05,IVEY BUSINESS SCHOOL     LONDON       ON  (APPLE PAY) ,-2.98,Dining Out
79,2022-10-06,IVEY BUSINESS SCHOOL     LONDON       ON  (APPLE PAY) ,-5.64,Dining Out
80,2022-10-06,IVEY STARBUCKS           LONDON       ON  (APPLE PAY) ,-7.06,Dining Out
81,2022-10-06,BARKING FROG             LONDON       ON  (APPLE PAY) ,-9.19,Dining Out
82,2022-10-06,BARKING FROG             LONDON       ON  (APPLE PAY) ,-27.57,Dining Out
83,2022-10-07,STARBUCKS 04317          LONDON       ON  (APPLE PAY) ,-7.06,Dining Out
84,2022-10-07,HOT TOPIC #2517          LONDON       ON  (APPLE PAY) ,-20.34,Purchases
85,2022-10-08,DINEEN COFFEE CO         TORONTO      ON  (APPLE PAY) ,-10.38,Purchases
86,2022-10-08,UBER CANADA/UBERTRIP     TORONTO      ON ,-18.43,Transportation
87,2022-10-08,SUSHI ON RONCY           TORONTO      ON  (APPLE PAY) ,-33.01,Dining Out
88,2022-10-08,Chess.com Chess.com      800-3182827  CA ,-39.99,Dining Out
89,2022-10-08,APPLE STORE #R121        TORONTO      ON  (APPLE PAY) ,-190.97,Purchases
91,2022-10-09,PERO RESTAURANT AND LOUNGTORONTO      ON  (APPLE PAY) ,-24.0,Dining Out
92,2022-10-09, Chess.com Chess.com      800-3182827  CA ,39.99,Dining Out
93,2022-10-10,SUSHI ON RONCY           TORONTO      ON  (APPLE PAY) ,-35.88,Dining Out
94,2022-10-10,MABELS-RONCY             TORONTO      ON  (APPLE PAY) ,-4.06,Dining Out
95,2022-10-11,IVEY BUSINESS SCHOOL     LONDON       ON  (APPLE PAY) ,-3.1,Dining Out
96,2022-10-11,COCA COLA LONDON ON      LONDON       ON ,-3.5,Dining Out
97,2022-10-11,PETROCAN-1181 WESTERN RD LONDON       ON  (APPLE PAY) ,-6.69,Purchases
98,2022-10-11,IVEY BUSINESS SCHOOL     LONDON       ON  (APPLE PAY) ,-5.64,Dining Out
99,2022-10-11,UBER CANADA/UBERTRIP     TORONTO      ON ,-17.83,Transportation
100,2022-10-11,UBER CANADA/UBERTRIP     TORONTO      ON ,-21.35,Transportation
101,2022-10-11,LOBLAWS #27              LONDON       ON  (APPLE PAY) ,-45.82,Groceries
102,2022-10-12,IVEY BUSINESS SCHOOL     LONDON       ON  (APPLE PAY) ,-3.1,Dining Out
103,2022-10-12,IVEY BUSINESS SCHOOL     LONDON       ON  (APPLE PAY) ,-4.96,Dining Out
104,2022-10-12,Subway 17206             London       ON  (APPLE PAY) ,-10.16,Dining Out
105,2022-10-13,Uniqlo Canada Inc.       Toronto      ON ,-203.29,Purchases
106,2022-10-13,APPLE.COM/CA             800-676-2775 ON  (APPLE PAY) ,-190.97,Purchases
108,2022-10-14,IVEY BUSINESS SCHOOL     LONDON       ON  (APPLE PAY) ,-9.59,Dining Out
109,2022-10-14,IVEY BUSINESS SCHOOL     LONDON       ON  (APPLE PAY) ,-14.63,Dining Out
110,2022-10-14,BARAKATS                 LONDON       ON  (APPLE PAY) ,-16.94,Dining Out
111,2022-10-15,UBER* EATS               TORONTO      ON ,-23.72,Transportation
112,2022-10-15, APPLE.COM/CA             800-676-2775 ON ,190.97,Purchases
113,2022-10-16,UBER CANADA/UBERPASS     TORONTO      ON ,-11.29,Transportation
114,2022-10-16,UBER CANADA/UBERTRIP     TORONTO      ON ,-13.87,Transportation
115,2022-10-17,IVEY BUSINESS SCHOOL     LONDON       ON  (APPLE PAY) ,-2.98,Dining Out
116,2022-10-17,IVEY BUSINESS SCHOOL     LONDON       ON  (APPLE PAY) ,-10.16,Dining Out
118,2022-10-18,IVEY BUSINESS SCHOOL     LONDON       ON  (APPLE PAY) ,-11.29,Dining Out
119,2022-10-18,Uniqlo Canada Inc.       Toronto      ON ,-203.29,Purchases
120,2022-10-19,CUPBOP PLUS              LONDON       ON  (APPLE PAY) ,-13.45,Dining Out
121,2022-10-20,HBA1 SWEATER ORDERS...   DOWNTOWN TOROON ,-74.16,Non-Routine
123,2022-10-21,UBER CANADA/UBEREATS     TORONTO      ON ,-32.15,Dining Out
124,2022-10-21,VIA RAIL CANADA INC.//   MONTREAL     QC ,-96.05,Non-Routine
125,2022-10-22,APPLE.COM/BILL           866-712-7753 ON ,-4.51,Purchases
126,2022-10-22,DOLLARAMA #1075          LONDON       ON  (APPLE PAY) ,-7.94,Dining Out
127,2022-10-22,AMZN Mktp CA*H833N56P0   WWW.AMAZON.CAON ,-15.81,Dining Out
128,2022-10-22,UBER CANADA/UBEREATS     TORONTO      ON ,-32.15,Dining Out
129,2022-10-23,UBER* TRIP               TORONTO      ON ,-11.87,Transportation
130,2022-10-23,UBER CANADA/UBERTRIP     TORONTO      ON ,-12.3,Transportation
131,2022-10-24,IVEY BUSINESS SCHOOL     LONDON       ON  (APPLE PAY) ,-14.66,Dining Out
132,2022-10-24,HBA1 SWEATER ORDERS...   DOWNTOWN TOROON ,-74.16,Non-Routine
133,2022-10-25,IVEY STARBUCKS           LONDON       ON  (APPLE PAY) ,-7.29,Dining Out
135,2022-10-26,BURGER BURGER            LONDON       ON  (APPLE PAY) ,-16.82,Dining Out
136,2022-10-27,DOLLARAMA #1075          LONDON       ON  (APPLE PAY) ,-2.4,Dining Out
137,2022-10-27,IVEY STARBUCKS           LONDON       ON  (APPLE PAY) ,-4.15,Dining Out
138,2022-10-28,THE SPOKE                LONDON       ON  (APPLE PAY) ,-14.91,Dining Out
140,2022-10-28,LOS LOBOS                LONDON       ON  (APPLE PAY) ,-27.1,Dining Out
141,2022-10-29,I DEAL ON THE PARK       TORONTO      ON  (APPLE PAY) ,-5.28,Dining Out
142,2022-10-29,UBER* TRIP               TORONTO      ON ,-17.13,Transportation
143,2022-10-29,TONALITY RECORDS         TORONTO      ON  (APPLE PAY) ,-55.37,Purchases
144,2022-10-30,N15 STUDIO               TORONTO      ON  (APPLE PAY) ,-52.63,Purchases
145,2022-10-31,KINKA IZAKAYA BLOOR      TORONTO      ON  (APPLE PAY) ,-32.67,Dining Out
147,2022-11-03,ROSE AND CROWN           TORONTO      ON  (APPLE PAY) ,-25.04,Dining Out
148,2022-11-04,SQ *REUNION ISLAND COFFEEToronto      ON  (APPLE PAY) ,-6.75,Dining Out
149,2022-11-07, Uniqlo Canada Inc.       Toronto      ON ,203.29,Purchases
150,2022-11-07, Uniqlo Canada Inc.       Toronto      ON ,203.29,Purchases
151,2022-11-08,IVEY BUSINESS SCHOOL     LONDON       ON  (APPLE PAY) ,-2.98,Dining Out
152,2022-11-08,CHATIME LONDON           LONDON       ON  (APPLE PAY) ,-18.76,Dining Out
153,2022-11-08,OZEN KOREA               LONDON       ON  (APPLE PAY) ,-35.06,Purchases
154,2022-11-09,OZEN                     LONDON       ON  (APPLE PAY) ,-31.36,Purchases
155,2022-11-10,IVEY BUSINESS SCHOOL     LONDON       ON  (APPLE PAY) ,-8.85,Dining Out
156,2022-11-10,LOBLAWS #27              LONDON       ON  (APPLE PAY) ,-84.04,Groceries
157,2022-11-12,BLACK WALNUT BAKERY CAFE LONDON       ON  (APPLE PAY) ,-11.42,Dining Out
158,2022-11-14,IVEY STARBUCKS           LONDON       ON  (APPLE PAY) ,-4.15,Dining Out
159,2022-11-14,IVEY BUSINESS SCHOOL     LONDON       ON  (APPLE PAY) ,-5.64,Dining Out
160,2022-11-14,FAMOUS PLAYER 7422QPS    LONDON       ON  (APPLE PAY) ,-6.88,Dining Out
161,2022-11-15,UBER CANADA/UBERPASS     TORONTO      ON ,-11.29,Transportation
162,2022-11-16,IVEY BUSINESS SCHOOL     LONDON       ON  (APPLE PAY) ,-2.98,Dining Out
163,2022-11-16,APPLE.COM/BILL           866-712-7753 ON ,-11.85,Purchases
164,2022-11-17,MACS SUSHI               LONDON       ON  (APPLE PAY) ,-19.2,Dining Out
165,2022-11-17,THE WAVE                 LONDON       ON  (APPLE PAY) ,-33.12,Dining Out
166,2022-11-18,MCDONALD'S #25032  QPS   BEAMSVILLE   ON  (APPLE PAY) ,-14.45,Dining Out
167,2022-11-19,BEAVERTAILS NIAGARA FALLSNIAGARA FALLSON  (APPLE PAY) ,-7.35,Dining Out
168,2022-11-19,GHOST BLASTERS           NIAGARA FALLSON  (APPLE PAY) ,-5.64,Non-Routine
169,2022-11-19,WIZARDS' GOLF            NIAGARA FALLSON  (APPLE PAY) ,-12.42,Non-Routine
170,2022-11-19,COUNTRY CHALET           NIAGARA FALLSON  (APPLE PAY) ,-23.79,Dining Out
171,2022-11-20,TIM HORTONS #1846        NIAGARA ON LKON  (APPLE PAY) ,-17.08,Dining Out
172,2022-11-20,TURTLEJACK'S MUSKOKA G   NIAGARA FALLSON  (APPLE PAY) ,-39.37,Dining Out
173,2022-11-21,IVEY BUSINESS SCHOOL     LONDON       ON  (APPLE PAY) ,-3.1,Dining Out
174,2022-11-21,IVEY BUSINESS SCHOOL     LONDON       ON  (APPLE PAY) ,-9.59,Dining Out
175,2022-11-22,APPLE.COM/BILL           866-712-7753 ON ,-4.51,Purchases
176,2022-11-22,LOBLAWS #27              LONDON       ON  (APPLE PAY) ,-129.14,Groceries
177,2022-11-23,Amazon.ca*HI7QX77Q2      AMAZON.CA    ON ,-7.62,Dining Out
178,2022-11-24,IVEY BUSINESS SCHOOL     LONDON       ON  (APPLE PAY) ,-3.1,Dining Out
179,2022-11-24,DELLAH'S RESTAURANT AND LLONDON       ON  (APPLE PAY) ,-36.75,Partying
180,2022-11-25,UBER CANADA/UBERTRIP     TORONTO      ON ,-12.62,Transportation
181,2022-11-25,CEEPS/ BARNEY'S          LONDON       ON  (APPLE PAY) ,-14.95,Partying
182,2022-11-25,CEEPS/ BARNEY'S          LONDON       ON  (APPLE PAY) ,-26.45,Partying
183,2022-11-26,LOBLAWS #27              LONDON       ON  (APPLE PAY) ,-8.87,Groceries
184,2022-11-26,UBER* TRIP               TORONTO      ON ,-20.0,Transportation
185,2022-11-26,LCBO/RAO #0393           LONDON       ON  (APPLE PAY) ,-27.45,Partying
187,2022-11-27,OMZZY'S SHWARMA          LONDON       ON  (APPLE PAY) ,-10.5,Dining Out
188,2022-11-28,IVEY BUSINESS SCHOOL     LONDON       ON  (APPLE PAY) ,-3.1,Dining Out
189,2022-11-29,IVEY BUSINESS SCHOOL     LONDON       ON  (APPLE PAY) ,-3.1,Dining Out
190,2022-11-29,BOMBAY BISTRO            LONDON       ON  (APPLE PAY) ,-35.38,Dining Out
191,2022-11-29,Amazon.ca*HB3WO19P3      AMAZON.CA    ON ,-19.3,Dining Out
192,2022-11-30,IVEY BUSINESS SCHOOL     LONDON       ON  (APPLE PAY) ,-3.1,Dining Out
193,2022-11-30,IVEY BUSINESS SCHOOL     LONDON       ON  (APPLE PAY) ,-4.96,Dining Out
194,2022-11-30,FOOD ISLAND SUPERMARKE   LONDON       ON  (APPLE PAY) ,-30.48,Dining Out
195,2022-11-30,UBER CANADA/UBEREATS     TORONTO      ON ,-35.73,Dining Out
196,2022-12-01,IVEY STARBUCKS           LONDON       ON  (APPLE PAY) ,-6.38,Dining Out
197,2022-12-01,DELLAH'S RESTAURANT AND LLONDON       ON  (APPLE PAY) ,-5.0,Partying
198,2022-12-01,UBER CANADA/UBERTRIP     TORONTO      ON  (APPLE PAY) ,-14.45,Transportation
199,2022-12-01,DELLAH'S RESTAURANT AND LLONDON       ON  (APPLE PAY) ,-18.38,Partying
200,2022-12-01,DELLAH'S RESTAURANT AND LLONDON       ON  (APPLE PAY) ,-18.38,Partying
201,2022-12-01,DELLAH'S RESTAURANT AND LLONDON       ON  (APPLE PAY) ,-18.38,Partying
203,2022-12-02,QUYNH NHI VIETNAMESE RESTLONDON       ON  (APPLE PAY) ,-31.19,Dining Out
204,2022-12-04,SOBEYS #4748             LONDON       ON  (APPLE PAY) ,-55.71,Groceries
205,2022-12-05,APPLE.COM/BILL           866-712-7753 ON ,-14.68,Purchases
206,2022-12-05,LOBLAWS #27              LONDON       ON  (APPLE PAY) ,-24.56,Groceries
207,2022-12-05,LCBO/RAO #0393           LONDON       ON  (APPLE PAY) ,-32.45,Partying
208,2022-12-05,UBER CANADA/UBERTRIP     TORONTO      ON ,-112.34,Transportation
210,2022-12-07,APPLE.COM/BILL           866-712-7753 ON ,-14.68,Purchases
211,2022-12-07,IVEY BUSINESS SCHOOL     LONDON       ON  (APPLE PAY) ,-17.8,Dining Out
212,2022-12-10,THE SPOKE                LONDON       ON  (APPLE PAY) ,-2.49,Dining Out
213,2022-12-10,AMZN Mktp CA*G50L424A3   WWW.AMAZON.CAON ,-28.19,Dining Out
214,2022-12-11,THE SPOKE                LONDON       ON  (APPLE PAY) ,-12.42,Dining Out
215,2022-12-11,SUBWAY                   LONDON       ON  (APPLE PAY) ,-12.75,Dining Out
216,2022-12-12,UBER CANADA/UBEREATS     TORONTO      ON ,-19.02,Dining Out
218,2022-12-14,CORA ADELAIDE  483       LONDON       ON  (APPLE PAY) ,-25.35,Non-Routine
220,2022-12-15,UBER CANADA/UBERPASS     TORONTO      ON ,-11.29,Transportation
221,2022-12-15,APPLE.COM/BILL           866-712-7753 ON ,-11.85,Purchases
222,2022-12-17,APPLE.COM/BILL           866-712-7753 ON ,-11.29,Purchases
223,2022-12-17,SP PEACE COLLECTIVE      VAUGHAN      ON ,-190.32,Purchases
224,2022-12-18,APPLE.COM/BILL           866-712-7753 ON ,-4.51,Purchases
226,2022-12-20,GONG CHA EATONS          TORONTO      ON  (APPLE PAY) ,-8.02,Dining Out
227,2022-12-20,SANSOTEI RAMEN EATON CEN TORONTO      ON  (APPLE PAY) ,-20.25,Dining Out
228,2022-12-20,Uniqlo Canada            Toronto      ON  (APPLE PAY) ,-56.5,Purchases
229,2022-12-22,WILD HEART CAFE          TORONTO      ON  (APPLE PAY) ,-3.39,Dining Out
230,2022-12-22,APPLE.COM/BILL           866-712-7753 ON ,-4.51,Purchases
231,2022-12-22,KINKA IZAKAYA BLOOR      TORONTO      ON  (APPLE PAY) ,-39.33,Dining Out
232,2022-12-22,TOKYO SMOKE              TORONTO      ON  (APPLE PAY) ,-16.95,Dining Out
233,2022-12-22,THE MERCANTILE           TORONTO      ON  (APPLE PAY) ,-47.97,Dining Out
234,2022-12-23,POPEYES #11326           TORONTO      ON  (APPLE PAY) ,-8.46,Dining Out
235,2022-12-24,VIA RAIL CANADA INC.//   MONTREAL     QC ,-350.3,Non-Routine
236,2022-12-24, VIA RAIL CANADA INC.//   MONTREAL     QC ,350.3,Non-Routine
238,2022-12-27,UBER CANADA/UBERTRIP     TORONTO      ON ,-23.46,Transportation
239,2022-12-27,RONCESVALLES DENTAL CENTRTORONTO      ON  (APPLE PAY) ,-217.0,Medical
240,2022-12-28,MCDONALD'S #10007        TORONTO      ON  (APPLE PAY) ,-12.98,Dining Out
242,2022-12-29,EVENTBRITE/RINGITIN202   SAINT JOHN   NB  (APPLE PAY) ,-27.54,Purchases
243,2022-12-29,EVENTBRITE/RINGITIN202   SAINT JOHN   NB  (APPLE PAY) ,-27.54,Purchases
244,2022-12-30,APPLE.COM/BILL           866-712-7753 ON ,-7.9,Purchases
245,2022-12-31,STEAM PURCHASE           SEATTLE ,-17.24,Partying
246,2022-12-31,KINKA IZAKAYA BLOOR      TORONTO      ON  (APPLE PAY) ,-38.67,Dining Out
247,2023-01-02,Uniqlo Canada            Toronto      ON  (APPLE PAY) ,-90.07,Purchases
248,2023-01-05,APPLE.COM/BILL           866-712-7753 ON ,-14.68,Purchases
249,2023-01-06,UBER CANADA/UBERTRIP     TORONTO      ON ,-12.56,Transportation
250,2023-01-07,TIM HORTONS #2892        ETOBICOKE    ON  (APPLE PAY) ,-5.66,Dining Out
251,2023-01-07,PRESTO DUNDAS WEST RELOADTORONTO      ON  (APPLE PAY) ,-50.0,Transportation
252,2023-01-08,CHUCKS ROADHOUSE BAR & GRLONDON       ON  (APPLE PAY) ,-24.62,Partying
253,2023-01-08,SOBEYS #4748             LONDON       ON  (APPLE PAY) ,-47.51,Groceries
254,2023-01-08,APPLE.COM/BILL           866-712-7753 ON ,-14.68,Purchases
255,2023-01-08,WINNERS 278              ETOBICOKE    ON  (APPLE PAY) ,-18.05,Purchases
256,2023-01-09,APPLE.COM/BILL           866-712-7753 ON ,-11.29,Purchases
257,2023-01-10,IVEY STARBUCKS           LONDON       ON  (APPLE PAY) ,-5.93,Dining Out
258,2023-01-12,THE SPOKE                LONDON       ON  (APPLE PAY) ,-6.77,Dining Out
259,2023-01-12,IVEY BUSINESS SCHOOL     LONDON       ON  (APPLE PAY) ,-3.1,Dining Out
260,2023-01-12,THE SPOKE                LONDON       ON  (APPLE PAY) ,-29.7,Dining Out
261,2023-01-12,IVEY STARBUCKS           LONDON       ON  (APPLE PAY) ,-5.93,Dining Out
262,2023-01-13,IVEY STARBUCKS           LONDON       ON  (APPLE PAY) ,-6.38,Dining Out
263,2023-01-13,LCBO/RAO #0393           LONDON       ON  (APPLE PAY) ,-9.6,Partying
264,2023-01-13,LOST LOVE                LONDON       ON  (APPLE PAY) ,-15.0,Partying
265,2023-01-13,KOYA JAPAN (MASONVILLE PLLONDON       ON  (APPLE PAY) ,-20.91,Dining Out
266,2023-01-13,LOST LOVE                LONDON       ON  (APPLE PAY) ,-34.0,Partying
267,2023-01-13,LCBO/RAO #0393           LONDON       ON  (APPLE PAY) ,-67.9,Partying
268,2023-01-14,APPLE.COM/BILL           866-712-7753 ON ,-4.51,Purchases
269,2023-01-14,UBER CANADA/UBERTRIP     TORONTO      ON ,-5.65,Transportation
270,2023-01-14,U NEED A CAB LTD         LONDON       ON  (APPLE PAY) ,-14.5,Transportation
272,2023-01-15,UBER* PASS               TORONTO      ON ,-11.29,Transportation
273,2023-01-16,IVEY BUSINESS SCHOOL     LONDON       ON  (APPLE PAY) ,-3.1,Dining Out
274,2023-01-17,IVEY BUSINESS SCHOOL     LONDON       ON  (APPLE PAY) ,-8.41,Dining Out
275,2023-01-17,IVEY BUSINESS SCHOOL     LONDON       ON  (APPLE PAY) ,-11.29,Dining Out
277,2023-01-18,IVEY BUSINESS SCHOOL     LONDON       ON  (APPLE PAY) ,-1.19,Dining Out
278,2023-01-18,IVEY BUSINESS SCHOOL     LONDON       ON  (APPLE PAY) ,-3.1,Dining Out
279,2023-01-18,APPLE.COM/BILL           866-712-7753 ON ,-4.51,Purchases
280,2023-01-19,IVEY BUSINESS SCHOOL     LONDON       ON  (APPLE PAY) ,-3.1,Dining Out
281,2023-01-19,IVEY STARBUCKS           LONDON       ON  (APPLE PAY) ,-5.93,Dining Out
282,2023-01-19,THE SPOKE                LONDON       ON  (APPLE PAY) ,-8.77,Dining Out
283,2023-01-19,THE SPOKE                LONDON       ON  (APPLE PAY) ,-29.7,Dining Out
284,2023-01-20,IVEY BUSINESS SCHOOL     LONDON       ON  (APPLE PAY) ,-4.19,Dining Out
285,2023-01-22,CHATIME LONDON           LONDON       ON  (APPLE PAY) ,-7.68,Dining Out
286,2023-01-22,EAST SIDE MARIOS #8702   LONDON       ON  (APPLE PAY) ,-37.67,Dining Out
287,2023-01-22,CONGEE CHAN              LONDON       ON ,-93.54,Dining Out
288,2023-01-23,APPLE.COM/BILL           866-712-7753 ON ,-4.51,Purchases
289,2023-01-24,UBER CANADA/UBEREATS     TORONTO      ON ,-21.8,Dining Out
290,2023-01-24,VIA RAIL CANADA INC.//   MONTREAL     QC ,-81.36,Non-Routine
292,2023-01-24,APPLE.COM/BILL           866-712-7753 ON ,-3.15,Purchases
293,2023-01-24,IVEY STARBUCKS           LONDON       ON  (APPLE PAY) ,-11.87,Dining Out
294,2023-01-24,VIA RAIL CANADA INC.//   MONTREAL     QC ,-100.57,Non-Routine
295,2023-01-24,VIA RAIL CANADA INC.//   MONTREAL     QC ,-154.81,Non-Routine
296,2023-01-24, VIA RAIL CANADA INC.//   MONTREAL     QC ,154.81,Non-Routine
298,2023-01-25,IVEY BUSINESS SCHOOL     LONDON       ON  (APPLE PAY) ,-5.07,Dining Out
299,2023-01-26,UBER CANADA/UBERTRIP     TORONTO      ON  (APPLE PAY) ,-15.31,Transportation
302,2023-01-27,APOLLO OPTICAL           TORONTO      ON ,-440.0,Medical
303,2023-01-27,Eyes On Sheppard         NORTH YORK   ON ,-629.0,Medical
304,2023-01-28,VIA RAIL CANADA INC.//   MONTREAL     QC ,-120.91,Non-Routine
305,2023-01-29,UBER CANADA/UBERTRIP     TORONTO      ON  (APPLE PAY) ,-1.0,Transportation
306,2023-01-29,FANTAIL BAKERY CAFE      TORONTO      ON  (APPLE PAY) ,-7.01,Dining Out
307,2023-01-29,UBER CANADA/UBERTRIP     TORONTO      ON  (APPLE PAY) ,-24.0,Transportation
308,2023-01-30,IVEY BUSINESS SCHOOL     LONDON       ON  (APPLE PAY) ,-14.66,Dining Out
309,2023-01-30,LOBLAWS #27              LONDON       ON  (APPLE PAY) ,-45.95,Groceries
311,2023-01-31,IVEY STARBUCKS           LONDON       ON  (APPLE PAY) ,-7.51,Dining Out
312,2023-02-01,MCDONALD'S #10888        LONDON       ON  (APPLE PAY) ,-9.59,Dining Out
313,2023-02-02,IVEY BUSINESS SCHOOL     LONDON       ON  (APPLE PAY) ,-3.1,Dining Out
314,2023-02-02,UBER CANADA/UBERTRIP     TORONTO      ON  (APPLE PAY) ,-8.18,Transportation
315,2023-02-02,DELLAH'S RESTAURANT AND LLONDON       ON  (APPLE PAY) ,-5.0,Partying
317,2023-02-03,COCO LONDON              LONDON       ON ,-8.81,Dining Out
318,2023-02-03,Subway 7259              London       ON  (APPLE PAY) ,-10.16,Dining Out
319,2023-02-03,UBER CANADA/UBERTRIP     TORONTO      ON  (APPLE PAY) ,-17.88,Transportation
320,2023-02-04,APPLE.COM/BILL           866-712-7753 ON ,-14.68,Purchases
321,2023-02-07,IVEY BUSINESS SCHOOL     LONDON       ON  (APPLE PAY) ,-3.1,Dining Out
322,2023-02-08,IVEY BUSINESS SCHOOL     LONDON       ON  (APPLE PAY) ,-3.1,Dining Out
323,2023-02-08,APPLE.COM/BILL           TORONTO      ON ,-14.68,Purchases
324,2023-02-08,UBER CANADA/UBEREATS     TORONTO      ON ,-32.71,Dining Out
325,2023-02-09,IVEY BUSINESS SCHOOL     LONDON       ON  (APPLE PAY) ,-4.19,Dining Out
326,2023-02-09,IVEY BUSINESS SCHOOL     LONDON       ON  (APPLE PAY) ,-11.29,Dining Out
327,2023-02-09,APPLE.COM/BILL           866-712-7753 ON ,-11.29,Purchases
328,2023-02-11,UBER CANADA/UBERTRIP     TORONTO      ON  (APPLE PAY) ,-12.09,Transportation
329,2023-02-14,UBER CANADA/UBERTRIP     TORONTO      ON  (APPLE PAY) ,-15.25,Transportation
330,2023-02-14,MCDONALD'S #10888        LONDON       ON  (APPLE PAY) ,-9.37,Dining Out
331,2023-02-15,UBER* PASS               TORONTO      ON ,-11.29,Transportation
332,2023-02-15,APPLE.COM/BILL           TORONTO      ON ,-15.81,Purchases
333,2023-02-15,THE POACHERS ARMS        LONDON       ON  (APPLE PAY) ,-34.18,Partying
334,2023-02-15, VIA RAIL CANADA INC.//   MONTREAL     QC ,90.68,Non-Routine
336,2023-02-17,POPEYES #12467           MISSISSAUGA  ON  (APPLE PAY) ,-9.59,Dining Out
337,2023-02-17,SQ *EARLS LONDON         London       ON  (APPLE PAY) ,-83.57,Transportation
338,2023-02-17,GUU IZAKAYA TORONTO      TORONTO      ON  (APPLE PAY) ,-142.38,Dining Out
339,2023-02-18,APPLE.COM/BILL           866-712-7753 ON ,-4.51,Purchases
340,2023-02-18,FANTAIL BAKERY CAFE      TORONTO      ON  (APPLE PAY) ,-9.21,Dining Out
341,2023-02-18,SP VITALY DESIGN LTD     TORONTO      ON ,-118.99,Purchases
342,2023-02-19,NORTHWOOD                TORONTO      ON  (APPLE PAY) ,-6.34,Transportation
343,2023-02-19,BANJARA INDIAN CUISINE   TORONTO      ON  (APPLE PAY) ,-44.74,Dining Out
344,2023-02-19,Club Monaco              Toronto      ON  (APPLE PAY) ,-84.19,Non-Routine
345,2023-02-20,STARBUCKS 04720          TORONTO      ON  (APPLE PAY) ,-7.29,Dining Out
346,2023-02-21,BANDIT BREWERY           TORONTO      ON  (APPLE PAY) ,-22.64,Non-Routine
348,2023-02-22,APPLE.COM/BILL           866-712-7753 ON ,-4.51,Purchases
349,2023-02-23,TONALITY RECORDS         TORONTO      ON  (APPLE PAY) ,-27.12,Purchases
350,2023-02-23,MCDONALD'S #5096   Q04   ETOBICOKE    ON  (APPLE PAY) ,-20.29,Dining Out
351,2023-02-23,MTO DRIVETEST D61        ETOBICOKE    ON  (APPLE PAY) ,-90.0,Non-Routine
352,2023-02-24,EAST OF BRUNSWICK PUB    TORONTO      ON  (APPLE PAY) ,-38.42,Dining Out
353,2023-02-25,MCDONALD'S #10007        TORONTO      ON  (APPLE PAY) ,-11.96,Dining Out
354,2023-02-26,OZEN KOREA               LONDON       ON  (APPLE PAY) ,-59.75,Purchases
355,2023-03-02,APPLE.COM/BILL           866-712-7753 ON ,-7.9,Purchases
356,2023-03-03,IVEY STARBUCKS           LONDON       ON  (APPLE PAY) ,-7.51,Dining Out
357,2023-03-03,IVEY STARBUCKS           LONDON       ON  (APPLE PAY) ,-8.76,Dining Out
358,2023-03-03,TIM HORTONS #1115        LONDON       ON  (APPLE PAY) ,-10.16,Dining Out
359,2023-03-03,LCBO/RAO #0310           LONDON       ON  (APPLE PAY) ,-47.4,Partying
360,2023-03-04,ROCKY MOUNTAIN CHOCOLATE BLUE MOUNTAINON  (APPLE PAY) ,-11.3,Dining Out
361,2023-03-04,WILD WING                BLUE MOUNTAINON  (APPLE PAY) ,-42.56,Groceries
362,2023-03-04,COPPER BLUES             BLUE MTNS    ON  (APPLE PAY) ,-42.92,Dining Out
363,2023-03-05,APPLE.COM/BILL           866-712-7753 ON ,-14.68,Purchases
364,2023-03-05,EGGSMART #4056           COLLINGWOOD  ON ,-21.85,Dining Out
366,2023-03-07,CEEPS/ BARNEY'S          LONDON       ON  (APPLE PAY) ,-18.4,Partying
367,2023-03-08,APPLE.COM/BILL           TORONTO      ON ,-14.68,Purchases
368,2023-03-08,FRIENDLY STRANGER        LONDON       ON  (APPLE PAY) ,-40.67,Dining Out
369,2023-03-08,HBA1 FORMAL              DOWNTOWN TOROON  (APPLE PAY) ,-36.05,Non-Routine
370,2023-03-09,DELLAH'S RESTAURANT AND LLONDON       ON  (APPLE PAY) ,-64.31,Partying
371,2023-03-09,UCC LOWER STARBUCKS      LONDON       ON  (APPLE PAY) ,-7.06,Dining Out
372,2023-03-09,CENTRE SPOT              LONDON       ON  (APPLE PAY) ,-14.68,Dining Out
373,2023-03-10,DOLLARAMA #1075          LONDON       ON  (APPLE PAY) ,-0.63,Dining Out
374,2023-03-10,COCA COLA LONDON ON      LONDON       ON  (APPLE PAY) ,-4.5,Dining Out
375,2023-03-10,THE SPOKE                LONDON       ON  (APPLE PAY) ,-11.29,Dining Out
376,2023-03-10,UBER CANADA/UBERTRIP     TORONTO      ON  (APPLE PAY) ,-13.96,Transportation
377,2023-03-10,FUH                      LONDON       ON  (APPLE PAY) ,-31.05,Dining Out
378,2023-03-10,LCBO/RAO #0393           LONDON       ON  (APPLE PAY) ,-42.05,Partying
379,2023-03-12,IC* INSTACART            HALIFAX MID-HNS  (APPLE PAY) ,-130.37,Groceries
381,2023-03-14,IVEY BUSINESS SCHOOL     LONDON       ON  (APPLE PAY) ,-8.98,Dining Out
382,2023-03-15,IVEY BUSINESS SCHOOL     LONDON       ON  (APPLE PAY) ,-8.98,Dining Out
383,2023-03-15,UBER CANADA/UBERPASS     TORONTO      ON ,-11.29,Transportation
384,2023-03-15,APPLE.COM/BILL           866-712-7753 ON ,-28.8,Purchases
385,2023-03-16,IVEY BUSINESS SCHOOL     LONDON       ON  (APPLE PAY) ,-8.98,Dining Out
386,2023-03-16,LOS LOBOS                LONDON       ON  (APPLE PAY) ,-30.24,Dining Out
388,2023-03-18,APPLE.COM/BILL           866-712-7753 ON ,-4.51,Purchases
389,2023-03-19,KING RICHIES PIZZERIA    LONDON       ON  (APPLE PAY) ,-6.21,Dining Out
390,2023-03-21,IVEY BUSINESS SCHOOL     LONDON       ON  (APPLE PAY) ,-3.1,Dining Out
391,2023-03-21,IVEY BUSINESS SCHOOL     LONDON       ON  (APPLE PAY) ,-14.66,Dining Out
392,2023-03-22,IVEY BUSINESS SCHOOL     LONDON       ON  (APPLE PAY) ,-4.15,Dining Out
393,2023-03-22,COCA COLA LONDON ON      LONDON       ON  (APPLE PAY) ,-4.5,Dining Out
394,2023-03-22,LOBLAWS #27              LONDON       ON  (APPLE PAY) ,-13.56,Groceries
395,2023-03-23,UBER CANADA/UBEREATS     TORONTO      ON ,-6.9,Dining Out
396,2023-03-23,UBER CANADA/UBEREATS     TORONTO      ON ,-1.0,Dining Out
397,2023-03-24,SQ *RBC PLACE LONDON     London       ON  (APPLE PAY) ,-9.75,Non-Routine
398,2023-03-24,UBER* TRIP               TORONTO      ON ,-12.45,Transportation
399,2023-03-25,DOLLARAMA #1301          LONDON       ON  (APPLE PAY) ,-2.83,Dining Out
400,2023-03-25,SQ *RBC PLACE LONDON     London       ON  (APPLE PAY) ,-9.75,Non-Routine
401,2023-03-25,BLACK WALNUT BAKERY CA   LONDON       ON  (APPLE PAY) ,-14.13,Dining Out
402,2023-03-25,URBAN OUTFITTERS         LONDON       ON  (APPLE PAY) ,-89.27,Purchases
404,2023-03-26,CHATIME LONDON           LONDON       ON  (APPLE PAY) ,-7.01,Dining Out
405,2023-03-26,SPAGEDDY EDDY'S          LONDON       ON  (APPLE PAY) ,-29.88,Dining Out
406,2023-03-28,IVEY STARBUCKS           LONDON       ON  (APPLE PAY) ,-6.73,Dining Out
407,2023-03-29,IVEY BUSINESS SCHOOL     LONDON       ON  (APPLE PAY) ,-4.19,Dining Out
408,2023-03-29,IVEY BUSINESS SCHOOL     LONDON       ON  (APPLE PAY) ,-8.98,Dining Out
409,2023-03-30,LUCY'S                   LONDON       ON  (APPLE PAY) ,-57.34,Dining Out
410,2023-03-30,IVEY BUSINESS SCHOOL     LONDON       ON  (APPLE PAY) ,-5.97,Dining Out
411,2023-03-30,IVEY BUSINESS SCHOOL     LONDON       ON  (APPLE PAY) ,-8.98,Dining Out
412,2023-03-31,CHATIME CF MASONVILLE    LONDON       ON  (APPLE PAY) ,-6.78,Dining Out
413,2023-03-31,MACS SUSHI               LONDON       ON  (APPLE PAY) ,-16.93,Dining Out
414,2022-09-01,WITHDRAWAL             FREE INTERAC E-TRANSFER,-60.0,Shared Purchases
415,2022-09-03,DEPOSIT                FREE INTERAC E-TRANSFER,39.44,Shared Purchases
416,2022-09-03,WITHDRAWAL             FREE INTERAC E-TRANSFER,-130.0,Shared Purchases
417,2022-09-06,WITHDRAWAL             FREE INTERAC E-TRANSFER,-15.5,Shared Purchases
419,2022-09-08,Customer Transfer Dr.  PC TO 800020489786,-1500.75,Non-Routine
420,2022-09-08,WITHDRAWAL             FREE INTERAC E-TRANSFER,-18.0,Shared Purchases
421,2022-09-08,DEPOSIT                FREE INTERAC E-TRANSFER,14.68,Shared Purchases
422,2022-09-09,Provincial Payment     CANADA                       ,60.58,Dining Out
423,2022-09-09,WITHDRAWAL             FREE INTERAC E-TRANSFER,-30.95,Shared Purchases
424,2022-09-12,WITHDRAWAL             FREE INTERAC E-TRANSFER,-5.0,Shared Purchases
426,2022-09-12,WITHDRAWAL             FREE INTERAC E-TRANSFER,-48.0,Shared Purchases
427,2022-09-14,WITHDRAWAL             FREE INTERAC E-TRANSFER,-12.5,Shared Purchases
428,2022-09-14,WITHDRAWAL             FREE INTERAC E-TRANSFER,-5.0,Shared Purchases
430,2022-09-19,Customer Transfer Cr.  MB-TRANSFER,132.0,Non-Routine
431,2022-09-19,DEPOSIT                FREE INTERAC E-TRANSFER,273.0,Shared Purchases
432,2022-09-19,WITHDRAWAL             FREE INTERAC E-TRANSFER,-20.0,Shared Purchases
434,2022-09-23,WITHDRAWAL             FREE INTERAC E-TRANSFER,-32.0,Shared Purchases
435,2022-09-26,WITHDRAWAL             FREE INTERAC E-TRANSFER,-9.3,Shared Purchases
437,2022-10-01,WITHDRAWAL             FREE INTERAC E-TRANSFER,-8.0,Shared Purchases
438,2022-10-01,DEPOSIT                FREE INTERAC E-TRANSFER,9.0,Shared Purchases
439,2022-10-01,DEPOSIT                FREE INTERAC E-TRANSFER,13.0,Shared Purchases
440,2022-10-03,WITHDRAWAL             FREE INTERAC E-TRANSFER,-5.0,Shared Purchases
442,2022-10-03,Student Loan           CANADA                       ,4225.0,Non-Routine
443,2022-10-03,Student Loan           CANADA                       ,970.0,Non-Routine
444,2022-10-03,WITHDRAWAL             FREE INTERAC E-TRANSFER,-53.24,Shared Purchases
445,2022-10-05,GST                    CANADA                       ,101.64,Non-Routine
446,2022-10-07,Provincial Payment     CANADA                       ,60.58,Dining Out
447,2022-10-08,POS Purchase           CHICAGO BUTCHER SHOPPE   TORON,-4.25,Dining Out
449,2022-10-11,WITHDRAWAL             FREE INTERAC E-TRANSFER,-40.7,Shared Purchases
450,2022-10-11,POS Purchase           ARIS PLACE               TORON,-10.45,Dining Out
451,2022-10-11,POS Purchase           ARIS PLACE               TORON,-16.57,Dining Out
452,2022-10-11,DEPOSIT                FREE INTERAC E-TRANSFER,14.4,Shared Purchases
453,2022-10-11,Investment             WEALTHSIMPLE PAYMENTS INC    ,20.4,Non-Routine
454,2022-10-12,Credit Memo            ADJUSTMENT OTHER,30.95,Non-Routine
455,2022-10-14,Climate Action IncentiveCANADA                       ,93.25,Non-Routine
457,2022-10-15,WITHDRAWAL             FREE INTERAC E-TRANSFER,-20.0,Shared Purchases
459,2022-10-19,Credit Memo            ADJUSTMENT OTHER,5.0,Non-Routine
460,2022-10-21,WITHDRAWAL             FREE INTERAC E-TRANSFER,-10.0,Shared Purchases
462,2022-10-22,WITHDRAWAL             FREE INTERAC E-TRANSFER,-9.0,Shared Purchases
463,2022-10-24,DEPOSIT                FREE INTERAC E-TRANSFER,14.0,Shared Purchases
464,2022-10-24,WITHDRAWAL             FREE INTERAC E-TRANSFER,-35.95,Shared Purchases
465,2022-10-24,ABM Withdrawal,-43.0,Non-Routine
466,2022-10-24,Service Charge         ,-2.0,Non-Routine
467,2022-10-25,DEPOSIT                FREE INTERAC E-TRANSFER,8.0,Shared Purchases
468,2022-10-25,DEPOSIT                FREE INTERAC E-TRANSFER,12.0,Shared Purchases
470,2022-10-28,Bill Payment           PC-WESTERN UNIV - TUITION & RESI,-5195.0,Non-Routine
471,2022-10-28,WITHDRAWAL             FREE INTERAC E-TRANSFER,-8.0,Shared Purchases
472,2022-10-28,WITHDRAWAL             FREE INTERAC E-TRANSFER,-10.0,Shared Purchases
475,2022-11-01,WITHDRAWAL             FREE INTERAC E-TRANSFER,-77.56,Shared Purchases
476,2022-11-02,ABM Withdrawal,-23.0,Non-Routine
477,2022-11-02,Service Charge         ,-2.0,Non-Routine
478,2022-11-02,WITHDRAWAL             FREE INTERAC E-TRANSFER,-6.75,Shared Purchases
479,2022-11-03,WITHDRAWAL             FREE INTERAC E-TRANSFER,-46.0,Shared Purchases
480,2022-11-04,GST                    CANADA                       ,203.28,Non-Routine
481,2022-11-04,WITHDRAWAL             FREE INTERAC E-TRANSFER,-10.2,Shared Purchases
482,2022-11-05,WITHDRAWAL             FREE INTERAC E-TRANSFER,-100.0,Shared Purchases
483,2022-11-10,Provincial Payment     CANADA                       ,60.58,Dining Out
484,2022-11-12,DEPOSIT                FREE INTERAC E-TRANSFER,5.33,Shared Purchases
485,2022-11-14,WITHDRAWAL             FREE INTERAC E-TRANSFER,-7.0,Shared Purchases
486,2022-11-14,WITHDRAWAL             FREE INTERAC E-TRANSFER,-10.0,Shared Purchases
487,2022-11-14,POS Purchase           OPOS CINEPLEX ENTERTAINMETORON,-54.72,Purchases
488,2022-11-14,Investment             WEALTHSIMPLE PAYMENTS INC    ,28.03,Non-Routine
489,2022-11-14,DEPOSIT                FREE INTERAC E-TRANSFER,20.0,Shared Purchases
490,2022-11-14,DEPOSIT                FREE INTERAC E-TRANSFER,2.66,Shared Purchases
491,2022-11-14,DEPOSIT                FREE INTERAC E-TRANSFER,26.0,Shared Purchases
492,2022-11-17,Credit Memo            ADJUSTMENT OTHER,40.7,Non-Routine
493,2022-11-18,WITHDRAWAL             FREE INTERAC E-TRANSFER,-41.0,Shared Purchases
494,2022-11-18,ABM Withdrawal,-23.99,Non-Routine
495,2022-11-18,Service Charge         ,-2.0,Non-Routine
496,2022-11-21,WITHDRAWAL             FREE INTERAC E-TRANSFER,-174.86,Shared Purchases
497,2022-11-21,WITHDRAWAL             FREE INTERAC E-TRANSFER,-20.8,Shared Purchases
498,2022-11-23,WITHDRAWAL             FREE INTERAC E-TRANSFER,-9.25,Shared Purchases
500,2022-11-26,DEPOSIT                FREE INTERAC E-TRANSFER,12.4,Shared Purchases
501,2022-11-29,WITHDRAWAL             FREE INTERAC E-TRANSFER,-5.66,Shared Purchases
502,2022-12-01,WITHDRAWAL             FREE INTERAC E-TRANSFER,-97.5,Shared Purchases
504,2022-12-02,WITHDRAWAL             FREE INTERAC E-TRANSFER,-3.5,Shared Purchases
505,2022-12-05,WITHDRAWAL             FREE INTERAC E-TRANSFER,-30.5,Shared Purchases
507,2022-12-05,DEPOSIT                FREE INTERAC E-TRANSFER,20.0,Shared Purchases
508,2022-12-06,WITHDRAWAL             FREE INTERAC E-TRANSFER,-50.0,Shared Purchases
509,2022-12-07,Credit Memo            ADJUSTMENT OTHER,10.2,Non-Routine
510,2022-12-09,Provincial Payment     CANADA                       ,60.58,Dining Out
511,2022-12-10,WITHDRAWAL             FREE INTERAC E-TRANSFER,-16.13,Shared Purchases
514,2022-12-15,WITHDRAWAL             FREE INTERAC E-TRANSFER,-20.0,Shared Purchases
515,2022-12-16,WITHDRAWAL             FREE INTERAC E-TRANSFER,-27.0,Shared Purchases
516,2022-12-16,Debit Memo             WIRE PAYMENT,-284.34,Dining Out
517,2022-12-16,Service Charge         SCOTIAWIRE/MTS FEE,-40.0,Dining Out
519,2022-12-20,DEPOSIT                FREE INTERAC E-TRANSFER,74.16,Shared Purchases
520,2022-12-23,DEPOSIT                FREE INTERAC E-TRANSFER,5.0,Shared Purchases
521,2022-12-23,DEPOSIT                FREE INTERAC E-TRANSFER,19.6,Shared Purchases
523,2022-12-28,DEPOSIT                FREE INTERAC E-TRANSFER,5.0,Shared Purchases
525,2022-12-28,Insurance              CANADA LIFE                  ,166.4,Medical
526,2022-12-28,Investment             Wealthsimple Investments Inc.,692.92,Non-Routine
527,2022-12-29,DEPOSIT                FREE INTERAC E-TRANSFER,27.54,Shared Purchases
528,2022-12-30,Investment             WEALTHSIMPLE PAYMENTS INC    ,12.97,Non-Routine
529,2023-01-03,Student Loan           CANADA                       ,2495.0,Non-Routine
530,2023-01-03,Student Loan           CANADA                       ,969.0,Non-Routine
531,2023-01-03,WITHDRAWAL             FREE INTERAC E-TRANSFER,-91.93,Shared Purchases
532,2023-01-04,WITHDRAWAL             FREE INTERAC E-TRANSFER,-13.0,Shared Purchases
533,2023-01-05,GST                    CANADA                       ,101.64,Non-Routine
534,2023-01-05,WITHDRAWAL             FREE INTERAC E-TRANSFER,-3.75,Shared Purchases
535,2023-01-09,WITHDRAWAL             FREE INTERAC E-TRANSFER,-13.0,Shared Purchases
536,2023-01-10,Provincial Payment     CANADA                       ,60.58,Dining Out
537,2023-01-13,Climate Action IncentiveCANADA                       ,93.25,Non-Routine
538,2023-01-13,POS Purchase           FPOS BOURBON ST GRILL    LONDO,-14.11,Dining Out
539,2023-01-14,WITHDRAWAL             FREE INTERAC E-TRANSFER,-12.14,Shared Purchases
541,2023-01-16,DEPOSIT                FREE INTERAC E-TRANSFER,23.8,Shared Purchases
543,2023-01-23,DEPOSIT                FREE INTERAC E-TRANSFER,21.0,Shared Purchases
545,2023-01-24,DEPOSIT                FREE INTERAC E-TRANSFER,21.0,Shared Purchases
546,2023-01-24,WITHDRAWAL             FREE INTERAC E-TRANSFER,-12.83,Shared Purchases
547,2023-01-24,DEPOSIT                FREE INTERAC E-TRANSFER,40.0,Shared Purchases
548,2023-01-24,DEPOSIT                FREE INTERAC E-TRANSFER,81.0,Shared Purchases
550,2023-01-25,DEPOSIT                FREE INTERAC E-TRANSFER,21.0,Shared Purchases
551,2023-01-26,WITHDRAWAL             FREE INTERAC E-TRANSFER,-17.5,Shared Purchases
555,2023-01-30,DEPOSIT                FREE INTERAC E-TRANSFER,60.0,Shared Purchases
556,2023-02-01,WITHDRAWAL             FREE INTERAC E-TRANSFER,-43.0,Shared Purchases
557,2023-02-01,WITHDRAWAL             FREE INTERAC E-TRANSFER,-22.8,Shared Purchases
558,2023-02-01,Debit Memo             WIRE PAYMENT,-60.64,Dining Out
559,2023-02-01,Service Charge         SCOTIAWIRE/MTS FEE,-40.0,Dining Out
561,2023-02-03,DEPOSIT                FREE INTERAC E-TRANSFER,8.0,Shared Purchases
562,2023-02-03,DEPOSIT                FREE INTERAC E-TRANSFER,4.5,Shared Purchases
563,2023-02-03,DEPOSIT                FREE INTERAC E-TRANSFER,4.0,Shared Purchases
564,2023-02-03,DEPOSIT                FREE INTERAC E-TRANSFER,8.0,Shared Purchases
565,2023-02-03,WITHDRAWAL             FREE INTERAC E-TRANSFER,-102.64,Shared Purchases
566,2023-02-04,DEPOSIT                FREE INTERAC E-TRANSFER,8.69,Shared Purchases
567,2023-02-06,DEPOSIT                FREE INTERAC E-TRANSFER,30.0,Shared Purchases
568,2023-02-06,WITHDRAWAL             FREE INTERAC E-TRANSFER,-2.5,Shared Purchases
569,2023-02-06,WITHDRAWAL             FREE INTERAC E-TRANSFER,-94.3,Shared Purchases
570,2023-02-07,Insurance              CANADA LIFE                  ,70.0,Medical
571,2023-02-08,WITHDRAWAL             FREE INTERAC E-TRANSFER,-135.15,Shared Purchases
572,2023-02-08,Credit Memo            ADJUSTMENT OTHER,3.75,Non-Routine
573,2023-02-10,Provincial Payment     CANADA                       ,60.58,Dining Out
574,2023-02-10,WITHDRAWAL             FREE INTERAC E-TRANSFER,-15.8,Shared Purchases
575,2023-02-13,WITHDRAWAL             FREE INTERAC E-TRANSFER,-8.72,Shared Purchases
578,2023-02-24,"Payroll Deposit        Icon HR Consultants Canada,CPT",354.73,Earnings
579,2023-02-27,WITHDRAWAL             FREE INTERAC E-TRANSFER,-5.0,Shared Purchases
580,2023-03-01,WITHDRAWAL             FREE INTERAC E-TRANSFER,-7.2,Shared Purchases
581,2023-03-03,"Payroll Deposit        Icon HR Consultants Canada,CPT",620.91,Earnings
582,2023-03-03,WITHDRAWAL             FREE INTERAC E-TRANSFER,-16.35,Shared Purchases
583,2023-03-06,WITHDRAWAL             FREE INTERAC E-TRANSFER,-25.0,Shared Purchases
584,2023-03-06,WITHDRAWAL             FREE INTERAC E-TRANSFER,-82.79,Shared Purchases
585,2023-03-06,WITHDRAWAL             FREE INTERAC E-TRANSFER,-200.0,Shared Purchases
586,2023-03-06,WITHDRAWAL             FREE INTERAC E-TRANSFER,-18.84,Shared Purchases
587,2023-03-07,WITHDRAWAL             FREE INTERAC E-TRANSFER,-26.4,Shared Purchases
588,2023-03-07,WITHDRAWAL             FREE INTERAC E-TRANSFER,-250.0,Shared Purchases
590,2023-03-08,WITHDRAWAL             FREE INTERAC E-TRANSFER,-13.95,Shared Purchases
591,2023-03-10,Provincial Payment     CANADA                       ,60.58,Dining Out
592,2023-03-10,"Payroll Deposit        Icon HR Consultants Canada,CPT",568.36,Earnings
593,2023-03-10,WITHDRAWAL             FREE INTERAC E-TRANSFER,-15.0,Shared Purchases
594,2023-03-13,WITHDRAWAL             FREE INTERAC E-TRANSFER,-10.0,Shared Purchases
596,2023-03-13,WITHDRAWAL             FREE INTERAC E-TRANSFER,-179.0,Shared Purchases
597,2023-03-14,DEPOSIT                FREE INTERAC E-TRANSFER,62.72,Shared Purchases
598,2023-03-15,Credit Memo            ADJUSTMENT OTHER,15.8,Non-Routine
599,2023-03-16,WITHDRAWAL             FREE INTERAC E-TRANSFER,-16.0,Shared Purchases
601,2023-03-17,"Payroll Deposit        Icon HR Consultants Canada,CPT",537.63,Earnings
602,2023-03-20,WITHDRAWAL             FREE INTERAC E-TRANSFER,-24.0,Shared Purchases
603,2023-03-20,WITHDRAWAL             FREE INTERAC E-TRANSFER,-9.6,Shared Purchases
604,2023-03-21,WITHDRAWAL             FREE INTERAC E-TRANSFER,-40.97,Shared Purchases
605,2023-03-23,WITHDRAWAL             FREE INTERAC E-TRANSFER,-15.0,Shared Purchases
606,2023-03-24,"Payroll Deposit        Icon HR Consultants Canada,CPT",568.36,Earnings
608,2023-03-25,WITHDRAWAL             FREE INTERAC E-TRANSFER,-5.0,Shared Purchases
609,2023-03-27,WITHDRAWAL             FREE INTERAC E-TRANSFER,-20.98,Shared Purchases
610,2023-03-27,WITHDRAWAL             FREE INTERAC E-TRANSFER,-60.15,Shared Purchases
611,2023-03-29,DEPOSIT                FREE INTERAC E-TRANSFER,25.0,Shared Purchases
612,2023-03-29,POS Purchase           OPOS UBER* EATS PENDING  UBER.,-33.79,Transportation
613,2023-03-29,Correction             OPOS UBER* EATS PENDING  UBER.,33.79,Transportation
614,2023-03-29,POS Purchase           OPOS UBER* EATS PENDING  UBER.,-32.79,Transportation
615,2023-03-29,POS Purchase           OPOS UBER* EATS          UBER.,-1.0,Transportation
616,2023-03-30,Federal Payment        CANADA                       ,500.0,Non-Routine
617,2023-03-31,"Payroll Deposit        Icon HR Consultants Canada,CPT",311.58,Earnings
618,2023-03-31,WITHDRAWAL             FREE INTERAC E-TRANSFER,-95.27,Shared Purchases
619,2023-03-31,POS Purchase           OPOS UBER CANADA         TORON,-1.02,Transportation
620,2023-03-31,Correction             OPOS UBER CANADA         TORON,1.02,Transportation
